{"inputUnits":[34],"outputUnits":2,"inputs":{"0":{"dtype":"number","min":340.4136157268204,"max":407.83626623321},"1":{"dtype":"number","min":151.87917371009988,"max":380.21806400886516},"2":{"dtype":"number","min":364.06619869477566,"max":429.3364455314175},"3":{"dtype":"number","min":121.6170406527454,"max":352.77373434739735},"4":{"dtype":"number","min":319.4825624536585,"max":388.51605867084703},"5":{"dtype":"number","min":124.41767463907163,"max":353.79480432581016},"6":{"dtype":"number","min":391.4190537004675,"max":452.9920611465186},"7":{"dtype":"number","min":127.76097645304122,"max":342.99413878085784},"8":{"dtype":"number","min":286.83693155210614,"max":356.5215912757561},"9":{"dtype":"number","min":120.62837180570784,"max":340.53591796993976},"10":{"dtype":"number","min":421.6805830987108,"max":484.0712638393945},"11":{"dtype":"number","min":203.9799410279034,"max":438.53680229558813},"12":{"dtype":"number","min":218.88620581078482,"max":334.81611820689415},"13":{"dtype":"number","min":204.9706109178926,"max":397.2033524838572},"14":{"dtype":"number","min":467.87681297019674,"max":548.5862836038392},"15":{"dtype":"number","min":350.4872413917824,"max":540.0643117804276},"16":{"dtype":"number","min":187.6326681810048,"max":294.6854259349682},"17":{"dtype":"number","min":250.6532760530884,"max":508.13945212559395},"18":{"dtype":"number","min":460.89715894435113,"max":589.1001514338145},"19":{"dtype":"number","min":409.8123329564144,"max":519.8062031171474},"20":{"dtype":"number","min":148.4219068858126,"max":275.83800496181317},"21":{"dtype":"number","min":295.52919116401296,"max":549.3574693467882},"22":{"dtype":"number","min":363.8006190249794,"max":485.322205541659},"23":{"dtype":"number","min":301.14372506243905,"max":556.5032874213324},"24":{"dtype":"number","min":224.3443093104669,"max":352.60521009419165},"25":{"dtype":"number","min":309.39842357970116,"max":552.6701203284905},"26":{"dtype":"number","min":358.51922092846723,"max":486.97931657757675},"27":{"dtype":"number","min":374.2190096671121,"max":555.682428966024},"28":{"dtype":"number","min":213.4099431623492,"max":343.3810484293144},"29":{"dtype":"number","min":368.9553493923611,"max":557.3850632457472},"30":{"dtype":"number","min":359.4378595463713,"max":511.0717023882949},"31":{"dtype":"number","min":395.65184624803925,"max":562.8503022370514},"32":{"dtype":"number","min":178.09116147879735,"max":354.67406126026054},"33":{"dtype":"number","min":397.1818366989522,"max":565.2161655835008}},"outputs":{"0":{"dtype":"string","min":0,"max":1,"uniqueValues":["u","d"],"legend":{"u":[1,0],"d":[0,1]}}},"isNormalized":true}