{"inputUnits":[34],"outputUnits":2,"inputs":{"0":{"dtype":"number","min":-16.506561814692983,"max":655.6951916194566},"1":{"dtype":"number","min":-90.02396908884624,"max":516.9100172849659},"2":{"dtype":"number","min":-15.310459545946028,"max":653.2604480765716},"3":{"dtype":"number","min":-80.0808672877083,"max":459.94518272593234},"4":{"dtype":"number","min":-16.70796355308845,"max":648.5694418269524},"5":{"dtype":"number","min":-79.32334223221153,"max":455.4497660437987},"6":{"dtype":"number","min":-12.983230680052996,"max":655.7713035300926},"7":{"dtype":"number","min":-81.65485240794995,"max":469.175406115794},"8":{"dtype":"number","min":-24.268201564022903,"max":640.6477092720611},"9":{"dtype":"number","min":-81.81747778582061,"max":453.86550457156886},"10":{"dtype":"number","min":-13.199506912082724,"max":666.2738025211684},"11":{"dtype":"number","min":-90.8908253571211,"max":571.8693200421844},"12":{"dtype":"number","min":-21.67584454571759,"max":636.9345115081609},"13":{"dtype":"number","min":-97.63117442586501,"max":567.6523838452196},"14":{"dtype":"number","min":-2.7903735660902473,"max":662.8579753555981},"15":{"dtype":"number","min":-40.18865897641545,"max":566.0919094271594},"16":{"dtype":"number","min":-27.184906303301656,"max":614.2246955737733},"17":{"dtype":"number","min":-34.63864807961745,"max":561.5065451579252},"18":{"dtype":"number","min":-19.32244194878472,"max":660.4679980659113},"19":{"dtype":"number","min":-22.896383482577974,"max":562.2208593416864},"20":{"dtype":"number","min":-24.355261730171783,"max":625.9365850675408},"21":{"dtype":"number","min":-19.84302665755066,"max":562.5453382347062},"22":{"dtype":"number","min":-15.646971466480872,"max":654.116425095943},"23":{"dtype":"number","min":-0.49520526015967903,"max":561.2427230745728},"24":{"dtype":"number","min":-14.881192034448098,"max":637.4346657617282},"25":{"dtype":"number","min":14.161424543890107,"max":559.8595816628974},"26":{"dtype":"number","min":-8.737939310352704,"max":650.5574758429276},"27":{"dtype":"number","min":65.41932580066702,"max":558.996152803447},"28":{"dtype":"number","min":-12.327535826327972,"max":623.7488227234481},"29":{"dtype":"number","min":99.81837395338982,"max":558.4534766474197},"30":{"dtype":"number","min":-17.624317786382186,"max":650.7954487047697},"31":{"dtype":"number","min":141.1665281775402,"max":563.9850156906753},"32":{"dtype":"number","min":-18.17279064632066,"max":642.0746179770308},"33":{"dtype":"number","min":151.26071863007127,"max":563.8453588058144}},"outputs":{"0":{"dtype":"string","min":0,"max":1,"uniqueValues":["UP","DOWN"],"legend":{"UP":[1,0],"DOWN":[0,1]}}},"isNormalized":true}