{"inputUnits":[34],"outputUnits":2,"inputs":{"0":{"dtype":"number","min":-26.192607916818957,"max":669.8090468140838},"1":{"dtype":"number","min":-91.5099026864035,"max":422.5928219205919},"2":{"dtype":"number","min":-15.386928387320296,"max":656.4664320917855},"3":{"dtype":"number","min":-84.0045166015625,"max":411.96766159920196},"4":{"dtype":"number","min":-14.115398325185794,"max":657.1026825486567},"5":{"dtype":"number","min":-83.02745648062485,"max":414.4135178831818},"6":{"dtype":"number","min":-15.648884615238181,"max":660.4346321804946},"7":{"dtype":"number","min":-87.37693266097101,"max":414.09479122645206},"8":{"dtype":"number","min":-17.893542313901072,"max":656.4932923196119},"9":{"dtype":"number","min":-86.54019837258619,"max":439.42452882465557},"10":{"dtype":"number","min":-41.31474723592836,"max":672.3161259403935},"11":{"dtype":"number","min":-104.89992138005604,"max":499.7837170755189},"12":{"dtype":"number","min":-41.60315679063109,"max":663.8953350580226},"13":{"dtype":"number","min":-106.77149960404483,"max":478.88640245731347},"14":{"dtype":"number","min":-7.62970744053058,"max":662.3127493756091},"15":{"dtype":"number","min":-80.79389308163529,"max":560.9139114885535},"16":{"dtype":"number","min":-15.963846247563351,"max":653.2576735349659},"17":{"dtype":"number","min":-78.72217323347839,"max":561.1604612473159},"18":{"dtype":"number","min":-36.32331357364766,"max":665.9531050118786},"19":{"dtype":"number","min":-84.63503147891159,"max":538.0848934775904},"20":{"dtype":"number","min":-34.7721972846613,"max":657.781022278189},"21":{"dtype":"number","min":-47.02324582819353,"max":540.5881744146811},"22":{"dtype":"number","min":-16.514632018686036,"max":657.1512917561373},"23":{"dtype":"number","min":-87.15027093422576,"max":558.8439946053785},"24":{"dtype":"number","min":-13.722764994898268,"max":655.6950762118512},"25":{"dtype":"number","min":-90.5065442061099,"max":561.7611316584239},"26":{"dtype":"number","min":-11.795142696150096,"max":659.765755874604},"27":{"dtype":"number","min":-70.28168735913134,"max":555.6535291764703},"28":{"dtype":"number","min":-10.263793231451023,"max":651.6932389703643},"29":{"dtype":"number","min":-69.39556694402565,"max":560.2002686320225},"30":{"dtype":"number","min":-11.96630645216557,"max":657.9108641626309},"31":{"dtype":"number","min":-1.1592705858613641,"max":566.3653326499299},"32":{"dtype":"number","min":-16.143063550804094,"max":654.000215586166},"33":{"dtype":"number","min":8.439415528295555,"max":564.3487346567373}},"outputs":{"0":{"dtype":"string","min":0,"max":1,"uniqueValues":["DOWN","UP"],"legend":{"DOWN":[1,0],"UP":[0,1]}}},"isNormalized":true}