{"inputUnits":[34],"outputUnits":2,"inputs":{"0":{"dtype":"number","min":211.71191001728496,"max":340.3199860273513},"1":{"dtype":"number","min":201.70822887160392,"max":420.16284786469754},"2":{"dtype":"number","min":216.2197385196797,"max":347.10586756061156},"3":{"dtype":"number","min":195.89828134280197,"max":411.41844751309696},"4":{"dtype":"number","min":195.96267789427995,"max":335.5015456885622},"5":{"dtype":"number","min":197.18398155524716,"max":413.07707371999874},"6":{"dtype":"number","min":214.78529039646912,"max":363.9731182968407},"7":{"dtype":"number","min":197.10802654541487,"max":421.8933468348334},"8":{"dtype":"number","min":173.0067607440911,"max":328.43652022512333},"9":{"dtype":"number","min":197.82619454010188,"max":422.0253359551086},"10":{"dtype":"number","min":266.9057692142955,"max":393.99268196804945},"11":{"dtype":"number","min":168.78465559515107,"max":464.86052158050836},"12":{"dtype":"number","min":192.59697451228982,"max":353.4721187123081},"13":{"dtype":"number","min":254.26212362843415,"max":464.35388754682924},"14":{"dtype":"number","min":282.0029263561464,"max":467.9027677837171},"15":{"dtype":"number","min":181.61945067883465,"max":537.2610598558571},"16":{"dtype":"number","min":186.08092845299555,"max":335.70091768082585},"17":{"dtype":"number","min":288.76006544682014,"max":527.7184118676139},"18":{"dtype":"number","min":232.3304192318089,"max":436.3670667384335},"19":{"dtype":"number","min":209.48119879233673,"max":501.8840663381952},"20":{"dtype":"number","min":184.13402059157224,"max":333.14557110821755},"21":{"dtype":"number","min":298.5399299011825,"max":497.1475961845056},"22":{"dtype":"number","min":257.5600869102552,"max":399.4474959234048},"23":{"dtype":"number","min":201.27024064984238,"max":562.1547057986492},"24":{"dtype":"number","min":233.96309716892054,"max":362.8544340077896},"25":{"dtype":"number","min":394.08519514355277,"max":558.0615860491004},"26":{"dtype":"number","min":177.12206507751583,"max":415.7338900501035},"27":{"dtype":"number","min":235.48729790581598,"max":558.4055659645481},"28":{"dtype":"number","min":175.56959869801184,"max":358.97649374621653},"29":{"dtype":"number","min":414.1355119671738,"max":555.8482116937172},"30":{"dtype":"number","min":214.20697961401984,"max":416.325893588001},"31":{"dtype":"number","min":289.0923864056027,"max":564.6832638270208},"32":{"dtype":"number","min":203.44414842988547,"max":357.8583080447905},"33":{"dtype":"number","min":480.7252899526852,"max":563.1204292044537}},"outputs":{"0":{"dtype":"string","min":0,"max":1,"uniqueValues":["u","d"],"legend":{"u":[1,0],"d":[0,1]}}},"isNormalized":true}